Policy,Exact V,Regret %,Cost/day,Shortage units/day,Diesel h/day,Dry hours/day
Value iteration (optimal),-163.6366822472251,0.0,32.8095,0.777,1.176,0.406
"Tuned caretaker rule (grid<9, diesel<3)",-187.38410122016214,14.512283338193704,36.8485,0.939,1.109,0.518
Myopic greedy ($\gamma$=0),-361.01165665876175,120.61780506728873,78.109,3.08,1.638,1.582
Random (legal actions),-697.4708591549373,326.2313618050422,166.3435,6.854,2.0,3.19
Always idle,-2507.7823093307443,1432.530649541002,527.66,26.383,0.0,12.315
