Believed outage rate (x truth),Regret %
2.0,1.5384061164248795
1.5,0.42790662083462033
1.25,0.1111580673315602
1.0,0.0
0.75,0.2351975711927394
0.5,1.5351771490042059
0.35,2.1036082743069153
0.25,2.6576611513928645
0.1,6.655333519430982
0.0,21.390414305950944
